insert into country(id, name)
values (1,'Niemcy');
insert into country(id, name)
values (2,'Hiszpania');
insert into country(id, name)
values (3,'Finlandia');
insert into country(id, name)
values (4,'Wielka Brytania');
insert into country(id, name)
values (5,'Holandia');
insert into driver(id,firstname,lastname, country_id)
values (1,'Michael', 'Schumacher', 1);
insert into driver(id,firstname,lastname, country_id)
values (2,'Fernando', 'Alonso', 2);
insert into driver(id,firstname,lastname, country_id)
values (3,'KIMI', 'RÄIKKÖNEN', 3);
insert into driver(id,firstname,lastname, country_id)
values (4,'LEWIS ', 'HAMILTON', 4);
insert into driver(id,firstname,lastname, country_id)
values (5,'JENSON', 'BUTTON', 4);
insert into driver(id,firstname,lastname, country_id)
values (6,'SEBASTIAN', 'VETTEL', 1);
insert into driver(id,firstname,lastname, country_id)
values (7,'NICO', 'ROSBERG', 1);
insert into driver(id,firstname,lastname, country_id)
values (8,'MAX', 'VERSTAPPEN', 5);
insert into team(id,name)
values (1,'FERRARI');
insert into team(id,name)
values (2,'RENAULT');
insert into team(id,name)
values (3,'RED BULL RACING');
insert into team(id,name)
values (4,'MCLAREN');
insert into team(id,name)
values (5,'BRAWN GP');
insert into team(id,name)
values (6,'MERCEDES AMG PETRONAS');
insert into team(id,name)
values (7,'RED BULL RACING HONDA');
insert into team(id,name)
values (8,'ORACLE RED BULL RACING');
insert into championship(id,years)
values (1, 2001);
insert into championship(id,years)
values (2, 2002);
insert into championship(id,years)
values (3, 2003);
insert into championship(id,years)
values (4, 2004);
insert into championship(id,years)
values (5, 2005);
insert into championship(id,years)
values (6, 2006);
insert into championship(id,years)
values (7, 2007);
insert into championship(id,years)
values (8,2008);
insert into championship(id,years)
values (9, 2009);
insert into championship(id,years)
values (10, 2010);
insert into championship(id,years)
values (11,2011);
insert into championship(id,years)
values (12, 2012);
insert into championship(id,years)
values (13, 2013);
insert into championship(id,years)
values (14, 2014);
insert into championship(id,years)
values (15, 2015);
insert into championship(id,years)
values (16, 2016);
insert into championship(id,years)
values (17, 2017);
insert into championship(id,years)
values (18, 2018);
insert into championship(id,years)
values (19, 2019);
insert into championship(id,years)
values (20, 2020);
insert into championship(id,years)
values (21, 2021);
insert into championship(id,years)
values (22, 2022);
insert into championships_team_driver(id, team_id, driver_id, championship_id)
values ( 1,1,1,1 );
insert into championships_team_driver(id, team_id, driver_id, championship_id)
values ( 2,1,1,2 );
insert into championships_team_driver(id, team_id, driver_id, championship_id)
values ( 3,1,1,3 );
insert into championships_team_driver(id, team_id, driver_id, championship_id)
values ( 4,1,1,4 );
insert into championships_team_driver(id, team_id, driver_id, championship_id)
values ( 5,2,2,5 );
insert into championships_team_driver(id, team_id, driver_id, championship_id)
values ( 6,2,2,6 );
insert into championships_team_driver(id, team_id, driver_id, championship_id)
values ( 7,1,3,7 );
insert into championships_team_driver(id, team_id, driver_id, championship_id)
values ( 8,4,4,8 );
insert into championships_team_driver(id, team_id, driver_id, championship_id)
values ( 9,5,5,9 );
insert into championships_team_driver(id, team_id, driver_id, championship_id)
values ( 10,3,6,10 );
insert into championships_team_driver(id, team_id, driver_id, championship_id)
values ( 11,3,6,11 );
insert into championships_team_driver(id, team_id, driver_id, championship_id)
values ( 12,3,6,12 );
insert into championships_team_driver(id, team_id, driver_id, championship_id)
values ( 13,3,6,13 );
insert into championships_team_driver(id, team_id, driver_id, championship_id)
values ( 14,6,4,14 );
insert into championships_team_driver(id, team_id, driver_id, championship_id)
values ( 15,6,4,15 );
insert into championships_team_driver(id, team_id, driver_id, championship_id)
values ( 16,6,7,16 );
insert into championships_team_driver(id, team_id, driver_id, championship_id)
values ( 17,6,4,17 );
insert into championships_team_driver(id, team_id, driver_id, championship_id)
values ( 18,6,4,18 );
insert into championships_team_driver(id, team_id, driver_id, championship_id)
values ( 19,6,4,19 );
insert into championships_team_driver(id, team_id, driver_id, championship_id)
values ( 20,6,4,20 );
insert into championships_team_driver(id, team_id, driver_id, championship_id)
values ( 21,7,8,21 );
insert into championships_team_driver(id, team_id, driver_id, championship_id)
values ( 22,8,8,22 );
