insert into nationality(id, country)
values (1,'Niemcy');
insert into nationality(id, country)
values (2,'Hiszpania');
insert into nationality(id, country)
values (3,'Finlandia');
insert into nationality(id, country)
values (4,'Wielka Brytania');
insert into nationality(id, country)
values (5,'Holandia');
insert into driver(id,firstname,lastname, nationality_id)
values (1,'Michael', 'Schumacher',1);
insert into driver(id,firstname,lastname, nationality_id)
values (2,'Fernando', 'Alonso',2);
insert into driver(id,firstname,lastname, nationality_id)
values (3,'KIMI', 'RÄIKKÖNEN',3);
insert into driver(id,firstname,lastname, nationality_id)
values (4,'LEWIS ', 'HAMILTON',4);
insert into driver(id,firstname,lastname, nationality_id)
values (5,'JENSON', 'BUTTON',4);
insert into driver(id,firstname,lastname, nationality_id)
values (6,'SEBASTIAN', 'VETTEL',1);
insert into driver(id,firstname,lastname, nationality_id)
values (7,'NICO', 'ROSBERG',1);
insert into driver(id,firstname,lastname, nationality_id)
values (8,'MAX', 'VERSTAPPEN',5);
insert into team(id,name)
values (1,'FERRARI');
insert into team(id,name)
values (2,'RENAULT');
insert into team(id,name)
values (3,'RED BULL RACING');
insert into team(id,name)
values (4,'MCLAREN');
insert into team(id,name)
values (5,'BRAWN GP');
insert into team(id,name)
values (6,'MERCEDES AMG PETRONAS');
insert into team(id,name)
values (7,'RED BULL RACING HONDA');
insert into team(id,name)
values (8,'ORACLE RED BULL RACING');
insert into championship(id,driver_id,team_id,years)
values (1,1,1, 2001);
insert into championship(id,driver_id,team_id,years)
values (2,1,1, 2002);
insert into championship(id,driver_id,team_id,years)
values (3,1,1, 2003);
insert into championship(id,driver_id,team_id,years)
values (4,1,1, 2004);
insert into championship(id,driver_id,team_id,years)
values (5,2,2, 2005);
insert into championship(id,driver_id,team_id,years)
values (6,2,2, 2006);
insert into championship(id,driver_id,team_id,years)
values (7,3,1, 2007);
insert into championship(id,driver_id,team_id,years)
values (8,4,4, 2008);
insert into championship(id,driver_id,team_id,years)
values (9,5,5, 2009);
insert into championship(id,driver_id,team_id,years)
values (10,6,3, 2010);
insert into championship(id,driver_id,team_id,years)
values (11,6,3, 2011);
insert into championship(id,driver_id,team_id,years)
values (12,6,3, 2012);
insert into championship(id,driver_id,team_id,years)
values (13,6,3, 2013);
insert into championship(id,driver_id,team_id,years)
values (14,4,6, 2014);
insert into championship(id,driver_id,team_id,years)
values (15,4,6, 2015);
insert into championship(id,driver_id,team_id,years)
values (16,7,6, 2016);
insert into championship(id,driver_id,team_id,years)
values (17,4,6, 2017);
insert into championship(id,driver_id,team_id,years)
values (18,4,6, 2018);
insert into championship(id,driver_id,team_id,years)
values (19,4,6, 2019);
insert into championship(id,driver_id,team_id,years)
values (20,4,6, 2020);
insert into championship(id,driver_id,team_id,years)
values (21,8,7, 2021);
insert into championship(id,driver_id,team_id,years)
values (22,8,8, 2022);